{
  "/complete/search-223" : {
    "transaction" : "/complete/search-223",
    "sampleCount" : 100,
    "errorCount" : 0,
    "errorPct" : 0.0,
    "meanResTime" : 198.64999999999995,
    "medianResTime" : 197.0,
    "minResTime" : 176.0,
    "maxResTime" : 286.0,
    "pct1ResTime" : 216.9,
    "pct2ResTime" : 228.79999999999995,
    "pct3ResTime" : 285.5899999999998,
    "throughput" : 1.0143016533116949,
    "receivedKBytesPerSec" : 1.9481228287605232,
    "sentKBytesPerSec" : 0.2902249847854752
  },
  "/admission/pg-246" : {
    "transaction" : "/admission/pg-246",
    "sampleCount" : 100,
    "errorCount" : 0,
    "errorPct" : 0.0,
    "meanResTime" : 17.090000000000003,
    "medianResTime" : 13.0,
    "minResTime" : 10.0,
    "maxResTime" : 133.0,
    "pct1ResTime" : 25.0,
    "pct2ResTime" : 27.94999999999999,
    "pct3ResTime" : 132.56999999999977,
    "throughput" : 1.0189732825205324,
    "receivedKBytesPerSec" : 3.7932872587580753,
    "sentKBytesPerSec" : 0.5104817323564775
  },
  "/complete/search-222" : {
    "transaction" : "/complete/search-222",
    "sampleCount" : 100,
    "errorCount" : 0,
    "errorPct" : 0.0,
    "meanResTime" : 193.86999999999998,
    "medianResTime" : 191.0,
    "minResTime" : 174.0,
    "maxResTime" : 291.0,
    "pct1ResTime" : 210.8,
    "pct2ResTime" : 218.95,
    "pct3ResTime" : 290.4499999999997,
    "throughput" : 1.014630978713042,
    "receivedKBytesPerSec" : 1.9460800524817872,
    "sentKBytesPerSec" : 0.2903192155887903
  },
  "/complete/search-221" : {
    "transaction" : "/complete/search-221",
    "sampleCount" : 100,
    "errorCount" : 0,
    "errorPct" : 0.0,
    "meanResTime" : 429.93000000000006,
    "medianResTime" : 415.0,
    "minResTime" : 380.0,
    "maxResTime" : 633.0,
    "pct1ResTime" : 489.20000000000005,
    "pct2ResTime" : 502.95,
    "pct3ResTime" : 632.2999999999996,
    "throughput" : 1.012248203259439,
    "receivedKBytesPerSec" : 8.35152216823565,
    "sentKBytesPerSec" : 0.2876603780747039
  },
  "/home/download/1306-248" : {
    "transaction" : "/home/download/1306-248",
    "sampleCount" : 100,
    "errorCount" : 0,
    "errorPct" : 0.0,
    "meanResTime" : 162.41999999999993,
    "medianResTime" : 154.0,
    "minResTime" : 114.0,
    "maxResTime" : 352.0,
    "pct1ResTime" : 204.9,
    "pct2ResTime" : 236.4999999999999,
    "pct3ResTime" : 351.2399999999996,
    "throughput" : 1.0182055146010671,
    "receivedKBytesPerSec" : 640.6262727568933,
    "sentKBytesPerSec" : 0.5150688052376492
  },
  "/web/assets/img/faculty/saidurrahmansaidphoto.jpg-242" : {
    "transaction" : "/web/assets/img/faculty/saidurrahmansaidphoto.jpg-242",
    "sampleCount" : 100,
    "errorCount" : 100,
    "errorPct" : 100.0,
    "meanResTime" : 10.430000000000003,
    "medianResTime" : 8.0,
    "minResTime" : 5.0,
    "maxResTime" : 137.0,
    "pct1ResTime" : 14.0,
    "pct2ResTime" : 19.849999999999966,
    "pct3ResTime" : 136.0199999999995,
    "throughput" : 1.0189109879360938,
    "receivedKBytesPerSec" : 1.3353306111428105,
    "sentKBytesPerSec" : 0.49353500978154546
  },
  "/submit/firefox-desktop/events/1/ccdb98f0-2813-49ec-970c-f56c64e83e18-219" : {
    "transaction" : "/submit/firefox-desktop/events/1/ccdb98f0-2813-49ec-970c-f56c64e83e18-219",
    "sampleCount" : 100,
    "errorCount" : 0,
    "errorPct" : 0.0,
    "meanResTime" : 287.9699999999999,
    "medianResTime" : 287.5,
    "minResTime" : 238.0,
    "maxResTime" : 421.0,
    "pct1ResTime" : 322.9,
    "pct2ResTime" : 328.95,
    "pct3ResTime" : 420.6899999999998,
    "throughput" : 1.0133252267315194,
    "receivedKBytesPerSec" : 0.8151330622688352,
    "sentKBytesPerSec" : 3.295286137710898
  },
  "/web/assets/img/news/PG_Seminar_(CSE-BUET):_Efficie.jpg-229" : {
    "transaction" : "/web/assets/img/news/PG_Seminar_(CSE-BUET):_Efficie.jpg-229",
    "sampleCount" : 100,
    "errorCount" : 0,
    "errorPct" : 0.0,
    "meanResTime" : 41.169999999999995,
    "medianResTime" : 26.0,
    "minResTime" : 16.0,
    "maxResTime" : 195.0,
    "pct1ResTime" : 86.0,
    "pct2ResTime" : 118.59999999999991,
    "pct3ResTime" : 194.85999999999993,
    "throughput" : 1.0176356253879737,
    "receivedKBytesPerSec" : 65.70507520327271,
    "sentKBytesPerSec" : 0.49589861041855354
  },
  "/submit/firefox-desktop/newtab/1/2a6a15cc-4273-4fdf-bc75-ea9c4996ab12-225" : {
    "transaction" : "/submit/firefox-desktop/newtab/1/2a6a15cc-4273-4fdf-bc75-ea9c4996ab12-225",
    "sampleCount" : 100,
    "errorCount" : 0,
    "errorPct" : 0.0,
    "meanResTime" : 284.33000000000015,
    "medianResTime" : 288.5,
    "minResTime" : 239.0,
    "maxResTime" : 381.0,
    "pct1ResTime" : 311.0,
    "pct2ResTime" : 312.0,
    "pct3ResTime" : 380.3499999999997,
    "throughput" : 1.0156305542295934,
    "receivedKBytesPerSec" : 0.8169775818598227,
    "sentKBytesPerSec" : 2.9913493667543496
  },
  "/web/assets/img/faculty/rezwana.jpg-239" : {
    "transaction" : "/web/assets/img/faculty/rezwana.jpg-239",
    "sampleCount" : 100,
    "errorCount" : 0,
    "errorPct" : 0.0,
    "meanResTime" : 13.609999999999998,
    "medianResTime" : 12.0,
    "minResTime" : 8.0,
    "maxResTime" : 49.0,
    "pct1ResTime" : 21.80000000000001,
    "pct2ResTime" : 24.0,
    "pct3ResTime" : 48.87999999999994,
    "throughput" : 1.0189421342761944,
    "receivedKBytesPerSec" : 31.93547739986346,
    "sentKBytesPerSec" : 0.4796192467979743
  },
  "/web/assets/img/faculty/rakinhaiderwebPic.jpg-240" : {
    "transaction" : "/web/assets/img/faculty/rakinhaiderwebPic.jpg-240",
    "sampleCount" : 100,
    "errorCount" : 0,
    "errorPct" : 0.0,
    "meanResTime" : 29.04,
    "medianResTime" : 25.0,
    "minResTime" : 19.0,
    "maxResTime" : 179.0,
    "pct1ResTime" : 36.0,
    "pct2ResTime" : 43.849999999999966,
    "pct3ResTime" : 178.37999999999968,
    "throughput" : 1.0188383205469123,
    "receivedKBytesPerSec" : 96.01755203716722,
    "sentKBytesPerSec" : 0.48951997432527433
  },
  "/home-231" : {
    "transaction" : "/home-231",
    "sampleCount" : 100,
    "errorCount" : 0,
    "errorPct" : 0.0,
    "meanResTime" : 22.75,
    "medianResTime" : 20.0,
    "minResTime" : 16.0,
    "maxResTime" : 63.0,
    "pct1ResTime" : 30.700000000000017,
    "pct2ResTime" : 43.849999999999966,
    "pct3ResTime" : 62.949999999999974,
    "throughput" : 1.018402533785504,
    "receivedKBytesPerSec" : 7.4550247981016975,
    "sentKBytesPerSec" : 0.49428326102675346
  },
  "/home-230" : {
    "transaction" : "/home-230",
    "sampleCount" : 100,
    "errorCount" : 0,
    "errorPct" : 0.0,
    "meanResTime" : 30.440000000000005,
    "medianResTime" : 27.0,
    "minResTime" : 20.0,
    "maxResTime" : 122.0,
    "pct1ResTime" : 39.80000000000001,
    "pct2ResTime" : 49.799999999999955,
    "pct3ResTime" : 121.71999999999986,
    "throughput" : 1.018267722949718,
    "receivedKBytesPerSec" : 7.454037940655357,
    "sentKBytesPerSec" : 0.4942178303769627
  },
  "/home/notice-249" : {
    "transaction" : "/home/notice-249",
    "sampleCount" : 100,
    "errorCount" : 0,
    "errorPct" : 0.0,
    "meanResTime" : 29.429999999999996,
    "medianResTime" : 27.0,
    "minResTime" : 17.0,
    "maxResTime" : 49.0,
    "pct1ResTime" : 38.0,
    "pct2ResTime" : 43.0,
    "pct3ResTime" : 48.989999999999995,
    "throughput" : 1.0200646721002111,
    "receivedKBytesPerSec" : 3.569230195444391,
    "sentKBytesPerSec" : 0.5100323360501056
  },
  "/home/notice-247" : {
    "transaction" : "/home/notice-247",
    "sampleCount" : 100,
    "errorCount" : 0,
    "errorPct" : 0.0,
    "meanResTime" : 22.81,
    "medianResTime" : 21.0,
    "minResTime" : 15.0,
    "maxResTime" : 57.0,
    "pct1ResTime" : 30.0,
    "pct2ResTime" : 33.94999999999999,
    "pct3ResTime" : 56.87999999999994,
    "throughput" : 1.019025200493208,
    "receivedKBytesPerSec" : 3.5655930599288723,
    "sentKBytesPerSec" : 0.5095126002466042
  },