{
  "/complete/search-2${usercount}" : {
    "transaction" : "/complete/search-2${usercount}",
    "sampleCount" : 100,
    "errorCount" : 91,
    "errorPct" : 91.0,
    "meanResTime" : 1368.2900000000002,
    "medianResTime" : 1188.0,
    "minResTime" : 234.0,
    "maxResTime" : 6770.0,
    "pct1ResTime" : 2111.8000000000006,
    "pct2ResTime" : 2869.2,
    "pct3ResTime" : 6747.219999999988,
    "throughput" : 0.9751911374629427,
    "receivedKBytesPerSec" : 11.332520978799344,
    "sentKBytesPerSec" : 0.2771295126969886
  },
  "/home/notice/-253" : {
    "transaction" : "/home/notice/-253",
    "sampleCount" : 100,
    "errorCount" : 91,
    "errorPct" : 91.0,
    "meanResTime" : 1743.22,
    "medianResTime" : 1681.5,
    "minResTime" : 193.0,
    "maxResTime" : 3972.0,
    "pct1ResTime" : 2974.4,
    "pct2ResTime" : 3625.449999999997,
    "pct3ResTime" : 3971.69,
    "throughput" : 0.9333843583449228,
    "receivedKBytesPerSec" : 4.275884790035189,
    "sentKBytesPerSec" : 0.97257920933011
  },
  "/complete/search-252" : {
    "transaction" : "/complete/search-252",
    "sampleCount" : 100,
    "errorCount" : 23,
    "errorPct" : 23.0,
    "meanResTime" : 405.57999999999987,
    "medianResTime" : 392.0,
    "minResTime" : 115.0,
    "maxResTime" : 1075.0,
    "pct1ResTime" : 649.2,
    "pct2ResTime" : 687.95,
    "pct3ResTime" : 1072.3499999999985,
    "throughput" : 0.9680167273290483,
    "receivedKBytesPerSec" : 1.3847176779214745,
    "sentKBytesPerSec" : 0.27792667757298845
  },
  "/home/download/1306-257" : {
    "transaction" : "/home/download/1306-257",
    "sampleCount" : 100,
    "errorCount" : 94,
    "errorPct" : 94.0,
    "meanResTime" : 3400.77,
    "medianResTime" : 2987.0,
    "minResTime" : 190.0,
    "maxResTime" : 9709.0,
    "pct1ResTime" : 6729.0,
    "pct2ResTime" : 8408.449999999986,
    "pct3ResTime" : 9701.859999999997,
    "throughput" : 0.8768391701594094,
    "receivedKBytesPerSec" : 551.6825447626396,
    "sentKBytesPerSec" : 0.4435573145923574
  },
  "/complete/search-251" : {
    "transaction" : "/complete/search-251",
    "sampleCount" : 100,
    "errorCount" : 21,
    "errorPct" : 21.0,
    "meanResTime" : 432.7000000000001,
    "medianResTime" : 387.5,
    "minResTime" : 121.0,
    "maxResTime" : 2430.0,
    "pct1ResTime" : 659.1,
    "pct2ResTime" : 775.6999999999995,
    "pct3ResTime" : 2425.7499999999977,
    "throughput" : 0.9741556505898513,
    "receivedKBytesPerSec" : 1.8248580015927445,
    "sentKBytesPerSec" : 0.2787378961160414
  },
  "/home/download/1305-260" : {
    "transaction" : "/home/download/1305-260",
    "sampleCount" : 100,
    "errorCount" : 100,
    "errorPct" : 100.0,
    "meanResTime" : 5950.700000000002,
    "medianResTime" : 4919.5,
    "minResTime" : 860.0,
    "maxResTime" : 14680.0,
    "pct1ResTime" : 11100.4,
    "pct2ResTime" : 11627.8,
    "pct3ResTime" : 14675.749999999998,
    "throughput" : 0.8165264962848044,
    "receivedKBytesPerSec" : 2755.8981281130073,
    "sentKBytesPerSec" : 0.413047583081571
  },
  "/home/notice-262" : {
    "transaction" : "/home/notice-262",
    "sampleCount" : 100,
    "errorCount" : 14,
    "errorPct" : 14.0,
    "meanResTime" : 308.13,
    "medianResTime" : 304.0,
    "minResTime" : 34.0,
    "maxResTime" : 713.0,
    "pct1ResTime" : 545.4000000000001,
    "pct2ResTime" : 610.8499999999997,
    "pct3ResTime" : 712.9,
    "throughput" : 0.8225510598570406,
    "receivedKBytesPerSec" : 2.878125436980251,
    "sentKBytesPerSec" : 0.4104722574091287
  },
  "/home/download/1302-261" : {
    "transaction" : "/home/download/1302-261",
    "sampleCount" : 100,
    "errorCount" : 95,
    "errorPct" : 95.0,
    "meanResTime" : 2847.5,
    "medianResTime" : 2764.0,
    "minResTime" : 251.0,
    "maxResTime" : 7722.0,
    "pct1ResTime" : 4601.0,
    "pct2ResTime" : 6177.699999999985,
    "pct3ResTime" : 7720.5599999999995,
    "throughput" : 0.849957077167603,
    "receivedKBytesPerSec" : 863.4078139210219,
    "sentKBytesPerSec" : 0.42995875583283044
  },
  "/submit/firefox-desktop/newtab/1/49b411a0-a7fe-4f15-b120-420671927c63-256" : {
    "transaction" : "/submit/firefox-desktop/newtab/1/49b411a0-a7fe-4f15-b120-420671927c63-256",
    "sampleCount" : 100,
    "errorCount" : 95,
    "errorPct" : 95.0,
    "meanResTime" : 1363.6700000000003,
    "medianResTime" : 1251.5,
    "minResTime" : 400.0,
    "maxResTime" : 4236.0,
    "pct1ResTime" : 2271.1,
    "pct2ResTime" : 2350.1499999999996,
    "pct3ResTime" : 4225.859999999995,
    "throughput" : 0.9164054911017028,
    "receivedKBytesPerSec" : 0.7347621097258115,
    "sentKBytesPerSec" : 2.7008904024852916
  },
  "/home/notice-259" : {
    "transaction" : "/home/notice-259",
    "sampleCount" : 100,
    "errorCount" : 9,
    "errorPct" : 9.0,
    "meanResTime" : 304.15000000000003,
    "medianResTime" : 313.0,
    "minResTime" : 27.0,
    "maxResTime" : 668.0,
    "pct1ResTime" : 479.70000000000005,
    "pct2ResTime" : 637.8,
    "pct3ResTime" : 667.96,
    "throughput" : 0.8723719794120213,
    "receivedKBytesPerSec" : 3.05245000218093,
    "sentKBytesPerSec" : 0.4353340639448661
  },
  "/home/notice-258" : {
    "transaction" : "/home/notice-258",
    "sampleCount" : 100,
    "errorCount" : 13,
    "errorPct" : 13.0,
    "meanResTime" : 312.5300000000002,
    "medianResTime" : 312.5,
    "minResTime" : 32.0,
    "maxResTime" : 713.0,
    "pct1ResTime" : 556.6,
    "pct2ResTime" : 657.4499999999996,
    "pct3ResTime" : 712.96,
    "throughput" : 0.8751816001820378,
    "receivedKBytesPerSec" : 3.0622809311057044,
    "sentKBytesPerSec" : 0.392293314925347
  },
  "Total" : {
    "transaction" : "Total",
    "sampleCount" : 1600,
    "errorCount" : 914,
    "errorPct" : 57.125,
    "meanResTime" : 1341.3150000000012,
    "medianResTime" : 598.5,
    "minResTime" : 27.0,
    "maxResTime" : 14680.0,
    "pct1ResTime" : 3396.9,
    "pct2ResTime" : 4906.5999999999985,
    "pct3ResTime" : 10473.280000000006,
    "throughput" : 12.788643684408246,
    "receivedKBytesPerSec" : 4209.009508931069,
    "sentKBytesPerSec" : 11.006632360463907
  },
  "/home/notice/-253-1" : {
    "transaction" : "/home/notice/-253-1",
    "sampleCount" : 100,
    "errorCount" : 76,
    "errorPct" : 76.0,
    "meanResTime" : 862.0099999999999,
    "medianResTime" : 860.5,
    "minResTime" : 63.0,
    "maxResTime" : 2047.0,
    "pct1ResTime" : 1552.9000000000003,
    "pct2ResTime" : 1794.2999999999993,
    "pct3ResTime" : 2046.6799999999998,
    "throughput" : 0.9399821403393336,
    "receivedKBytesPerSec" : 0.47090902147859187,
    "sentKBytesPerSec" : 0.3267906659773464
  },
  "/home/download/1286-264" : {
    "transaction" : "/home/download/1286-264",
    "sampleCount" : 100,
    "errorCount" : 57,
    "errorPct" : 57.0,
    "meanResTime" : 710.17,
    "medianResTime" : 566.0,
    "minResTime" : 68.0,
    "maxResTime" : 3892.0,
    "pct1ResTime" : 1240.9,
    "pct2ResTime" : 1936.8499999999954,
    "pct3ResTime" : 3886.849999999997,
    "throughput" : 0.8221520652459879,
    "receivedKBytesPerSec" : 172.32676613678964,
    "sentKBytesPerSec" : 0.41589332988029465
  },
  "/home/notice/-253-0" : {
    "transaction" : "/home/notice/-253-0",
    "sampleCount" : 100,
    "errorCount" : 58,
    "errorPct" : 58.0,
    "meanResTime" : 578.02,
    "medianResTime" : 549.0,
    "minResTime" : 41.0,
    "maxResTime" : 1694.0,
    "pct1ResTime" : 1050.7000000000003,
    "pct2ResTime" : 1238.499999999999,
    "pct3ResTime" : 1690.4699999999982,
    "throughput" : 0.9575333939771149,
    "receivedKBytesPerSec" : 0.5563792670081869,
    "sentKBytesPerSec" : 0.33289246899985636
  },
  "/home/notice/-253-2" : {
    "transaction" : "/home/notice/-253-2",
    "sampleCount" : 100,
    "errorCount" : 12,
    "errorPct" : 12.0,
    "meanResTime" : 302.33000000000004,
    "medianResTime" : 289.5,
    "minResTime" : 35.0,
    "maxResTime" : 737.0,
    "pct1ResTime" : 529.8000000000001,
    "pct2ResTime" : 650.75,
    "pct3ResTime" : 736.4999999999998,