{
  "/complete/search-223" : {
    "transaction" : "/complete/search-223",
    "sampleCount" : 50,
    "errorCount" : 0,
    "errorPct" : 0.0,
    "meanResTime" : 120.12,
    "medianResTime" : 117.0,
    "minResTime" : 109.0,
    "maxResTime" : 208.0,
    "pct1ResTime" : 132.39999999999998,
    "pct2ResTime" : 141.39999999999995,
    "pct3ResTime" : 208.0,
    "throughput" : 0.5131994909061051,
    "receivedKBytesPerSec" : 0.9997968050765694,
    "sentKBytesPerSec" : 0.146843213706532
  },
  "/admission/pg-246" : {
    "transaction" : "/admission/pg-246",
    "sampleCount" : 50,
    "errorCount" : 0,
    "errorPct" : 0.0,
    "meanResTime" : 14.22,
    "medianResTime" : 13.0,
    "minResTime" : 10.0,
    "maxResTime" : 29.0,
    "pct1ResTime" : 18.9,
    "pct2ResTime" : 22.89999999999999,
    "pct3ResTime" : 29.0,
    "throughput" : 0.513948564027712,
    "receivedKBytesPerSec" : 1.9132538340562877,
    "sentKBytesPerSec" : 0.25747618490841434
  },
  "/complete/search-222" : {
    "transaction" : "/complete/search-222",
    "sampleCount" : 50,
    "errorCount" : 0,
    "errorPct" : 0.0,
    "meanResTime" : 118.96000000000004,
    "medianResTime" : 117.0,
    "minResTime" : 108.0,
    "maxResTime" : 142.0,
    "pct1ResTime" : 129.5,
    "pct2ResTime" : 141.0,
    "pct3ResTime" : 142.0,
    "throughput" : 0.5131573545712057,
    "receivedKBytesPerSec" : 0.9983416197555318,
    "sentKBytesPerSec" : 0.14683115711851882
  },
  "/complete/search-221" : {
    "transaction" : "/complete/search-221",
    "sampleCount" : 50,
    "errorCount" : 0,
    "errorPct" : 0.0,
    "meanResTime" : 248.23999999999998,
    "medianResTime" : 240.5,
    "minResTime" : 217.0,
    "maxResTime" : 300.0,
    "pct1ResTime" : 279.0,
    "pct2ResTime" : 281.45,
    "pct3ResTime" : 300.0,
    "throughput" : 0.512321327936882,
    "receivedKBytesPerSec" : 5.2696451214201545,
    "sentKBytesPerSec" : 0.14559131487268814
  },
  "/home/download/1306-248" : {
    "transaction" : "/home/download/1306-248",
    "sampleCount" : 50,
    "errorCount" : 0,
    "errorPct" : 0.0,
    "meanResTime" : 159.97999999999996,
    "medianResTime" : 157.5,
    "minResTime" : 129.0,
    "maxResTime" : 205.0,
    "pct1ResTime" : 193.1,
    "pct2ResTime" : 200.14999999999998,
    "pct3ResTime" : 205.0,
    "throughput" : 0.5131731548859216,
    "receivedKBytesPerSec" : 322.8741160592407,
    "sentKBytesPerSec" : 0.2595934513973705
  },
  "/web/assets/img/faculty/saidurrahmansaidphoto.jpg-242" : {
    "transaction" : "/web/assets/img/faculty/saidurrahmansaidphoto.jpg-242",
    "sampleCount" : 50,
    "errorCount" : 50,
    "errorPct" : 100.0,
    "meanResTime" : 8.340000000000002,
    "medianResTime" : 7.5,
    "minResTime" : 5.0,
    "maxResTime" : 16.0,
    "pct1ResTime" : 13.0,
    "pct2ResTime" : 14.0,
    "pct3ResTime" : 16.0,
    "throughput" : 0.5140331037318803,
    "receivedKBytesPerSec" : 0.6736644777423666,
    "sentKBytesPerSec" : 0.24898478462012955
  },
  "/submit/firefox-desktop/events/1/ccdb98f0-2813-49ec-970c-f56c64e83e18-219" : {
    "transaction" : "/submit/firefox-desktop/events/1/ccdb98f0-2813-49ec-970c-f56c64e83e18-219",
    "sampleCount" : 50,
    "errorCount" : 0,
    "errorPct" : 0.0,
    "meanResTime" : 283.31999999999994,
    "medianResTime" : 286.0,
    "minResTime" : 239.0,
    "maxResTime" : 327.0,
    "pct1ResTime" : 314.9,
    "pct2ResTime" : 320.45,
    "pct3ResTime" : 327.0,
    "throughput" : 0.5117759649535819,
    "receivedKBytesPerSec" : 0.40366329235713777,
    "sentKBytesPerSec" : 1.6642714485306913
  },
  "/web/assets/img/news/PG_Seminar_(CSE-BUET):_Efficie.jpg-229" : {
    "transaction" : "/web/assets/img/news/PG_Seminar_(CSE-BUET):_Efficie.jpg-229",
    "sampleCount" : 50,
    "errorCount" : 0,
    "errorPct" : 0.0,
    "meanResTime" : 26.039999999999992,
    "medianResTime" : 23.5,
    "minResTime" : 19.0,
    "maxResTime" : 53.0,
    "pct1ResTime" : 39.19999999999999,
    "pct2ResTime" : 45.449999999999996,
    "pct3ResTime" : 53.0,
    "throughput" : 0.5136054072377274,
    "receivedKBytesPerSec" : 33.1616553759078,
    "sentKBytesPerSec" : 0.250282322472291
  },
  "/submit/firefox-desktop/newtab/1/2a6a15cc-4273-4fdf-bc75-ea9c4996ab12-225" : {
    "transaction" : "/submit/firefox-desktop/newtab/1/2a6a15cc-4273-4fdf-bc75-ea9c4996ab12-225",
    "sampleCount" : 50,
    "errorCount" : 0,
    "errorPct" : 0.0,
    "meanResTime" : 284.3,
    "medianResTime" : 287.0,
    "minResTime" : 236.0,
    "maxResTime" : 324.0,
    "pct1ResTime" : 311.7,
    "pct2ResTime" : 315.34999999999997,
    "pct3ResTime" : 324.0,
    "throughput" : 0.5124420940433732,
    "receivedKBytesPerSec" : 0.41170518629832326,
    "sentKBytesPerSec" : 1.5093021051121223
  },
  "/web/assets/img/faculty/rezwana.jpg-239" : {
    "transaction" : "/web/assets/img/faculty/rezwana.jpg-239",
    "sampleCount" : 50,
    "errorCount" : 0,
    "errorPct" : 0.0,
    "meanResTime" : 13.16,
    "medianResTime" : 12.0,
    "minResTime" : 9.0,
    "maxResTime" : 27.0,
    "pct1ResTime" : 17.9,
    "pct2ResTime" : 23.0,
    "pct3ResTime" : 27.0,
    "throughput" : 0.5139538469445444,
    "receivedKBytesPerSec" : 16.10823707406075,
    "sentKBytesPerSec" : 0.24191968186256874
  },
  "/web/assets/img/faculty/rakinhaiderwebPic.jpg-240" : {
    "transaction" : "/web/assets/img/faculty/rakinhaiderwebPic.jpg-240",
    "sampleCount" : 50,
    "errorCount" : 0,
    "errorPct" : 0.0,
    "meanResTime" : 28.260000000000005,
    "medianResTime" : 27.0,
    "minResTime" : 19.0,
    "maxResTime" : 51.0,
    "pct1ResTime" : 37.0,
    "pct2ResTime" : 42.24999999999998,
    "pct3ResTime" : 51.0,
    "throughput" : 0.5138904591097362,
    "receivedKBytesPerSec" : 48.43016100188084,
    "sentKBytesPerSec" : 0.24690830652538107
  },
  "/home-231" : {
    "transaction" : "/home-231",
    "sampleCount" : 50,
    "errorCount" : 0,
    "errorPct" : 0.0,
    "meanResTime" : 21.100000000000005,
    "medianResTime" : 20.0,
    "minResTime" : 17.0,
    "maxResTime" : 32.0,
    "pct1ResTime" : 26.0,
    "pct2ResTime" : 29.799999999999983,
    "pct3ResTime" : 32.0,
    "throughput" : 0.513874614594039,
    "receivedKBytesPerSec" : 3.7617227646454268,
    "sentKBytesPerSec" : 0.24940984712230216
  },
  "/home-230" : {
    "transaction" : "/home-230",
    "sampleCount" : 50,
    "errorCount" : 0,
    "errorPct" : 0.0,
    "meanResTime" : 28.78,
    "medianResTime" : 27.0,
    "minResTime" : 23.0,
    "maxResTime" : 81.0,
    "pct1ResTime" : 34.0,
    "pct2ResTime" : 38.449999999999996,
    "pct3ResTime" : 81.0,
    "throughput" : 0.5138270869087135,
    "receivedKBytesPerSec" : 3.761374847136442,
    "sentKBytesPerSec" : 0.24938677948596738
  },
  "/home/notice-249" : {
    "transaction" : "/home/notice-249",
    "sampleCount" : 50,
    "errorCount" : 0,
    "errorPct" : 0.0,
    "meanResTime" : 27.200000000000003,
    "medianResTime" : 26.0,
    "minResTime" : 21.0,
    "maxResTime" : 42.0,
    "pct1ResTime" : 31.9,
    "pct2ResTime" : 35.89999999999999,
    "pct3ResTime" : 42.0,
    "throughput" : 0.5140172504189241,
    "receivedKBytesPerSec" : 1.798558406495122,
    "sentKBytesPerSec" : 0.25700862520946205
  },
  "/home/notice-247" : {
    "transaction" : "/home/notice-247",
    "sampleCount" : 50,
    "errorCount" : 0,
    "errorPct" : 0.0,
    "meanResTime" : 21.02,
    "medianResTime" : 20.0,
    "minResTime" : 14.0,
    "maxResTime" : 32.0,
    "pct1ResTime" : 25.0,
    "pct2ResTime" : 27.0,
    "pct3ResTime" : 32.0,
    "throughput" : 0.5138904591097362,
    "receivedKBytesPerSec" : 1.7981147607326022,
    "sentKBytesPerSec" : 0.2569452295548681
  },
  "/web/assets/img/faculty/wasifwasif_p.JPG-238" : {
    "transaction" : "/web/assets/img/faculty/wasifwasif_p.JPG-238",
    "sampleCount" : 50,
    "errorCount" : 0,
    "errorPct" : 0.0,
    "meanResTime" : 10.299999999999999,
    "medianResTime" : 9.5,
    "minResTime" : 7.0,
    "maxResTime" : 27.0,
    "pct1ResTime" : 13.899999999999999,
    "pct2ResTime" : 15.0,