{
  "/complete/search-2${usercount}" : {
    "transaction" : "/complete/search-2${usercount}",
    "sampleCount" : 50,
    "errorCount" : 4,
    "errorPct" : 8.0,
    "meanResTime" : 400.8600000000001,
    "medianResTime" : 375.5,
    "minResTime" : 260.0,
    "maxResTime" : 1000.0,
    "pct1ResTime" : 498.3,
    "pct2ResTime" : 692.8499999999997,
    "pct3ResTime" : 1000.0,
    "throughput" : 0.5084814709351991,
    "receivedKBytesPerSec" : 6.41782073422182,
    "sentKBytesPerSec" : 0.14450010550990522
  },
  "/home/notice/-253" : {
    "transaction" : "/home/notice/-253",
    "sampleCount" : 50,
    "errorCount" : 5,
    "errorPct" : 10.0,
    "meanResTime" : 256.78000000000003,
    "medianResTime" : 251.0,
    "minResTime" : 66.0,
    "maxResTime" : 695.0,
    "pct1ResTime" : 505.59999999999997,
    "pct2ResTime" : 564.9499999999997,
    "pct3ResTime" : 695.0,
    "throughput" : 0.5097827306002182,
    "receivedKBytesPerSec" : 2.3353425676226793,
    "sentKBytesPerSec" : 0.5311896226078445
  },
  "/complete/search-252" : {
    "transaction" : "/complete/search-252",
    "sampleCount" : 50,
    "errorCount" : 0,
    "errorPct" : 0.0,
    "meanResTime" : 141.26000000000002,
    "medianResTime" : 129.5,
    "minResTime" : 105.0,
    "maxResTime" : 236.0,
    "pct1ResTime" : 194.89999999999998,
    "pct2ResTime" : 209.49999999999994,
    "pct3ResTime" : 236.0,
    "throughput" : 0.510965315674372,
    "receivedKBytesPerSec" : 0.7341134496290392,
    "sentKBytesPerSec" : 0.14670293242994667
  },
  "/home/download/1306-257" : {
    "transaction" : "/home/download/1306-257",
    "sampleCount" : 50,
    "errorCount" : 2,
    "errorPct" : 4.0,
    "meanResTime" : 244.45999999999995,
    "medianResTime" : 227.5,
    "minResTime" : 148.0,
    "maxResTime" : 595.0,
    "pct1ResTime" : 351.6,
    "pct2ResTime" : 467.5499999999993,
    "pct3ResTime" : 595.0,
    "throughput" : 0.5088333469022225,
    "receivedKBytesPerSec" : 320.1436309329968,
    "sentKBytesPerSec" : 0.25739811884311653
  },
  "/complete/search-251" : {
    "transaction" : "/complete/search-251",
    "sampleCount" : 50,
    "errorCount" : 0,
    "errorPct" : 0.0,
    "meanResTime" : 149.74,
    "medianResTime" : 149.0,
    "minResTime" : 107.0,
    "maxResTime" : 247.0,
    "pct1ResTime" : 182.7,
    "pct2ResTime" : 215.94999999999987,
    "pct3ResTime" : 247.0,
    "throughput" : 0.5111847217110376,
    "receivedKBytesPerSec" : 0.9830521497873472,
    "sentKBytesPerSec" : 0.14626672213020897
  },
  "/home/download/1305-260" : {
    "transaction" : "/home/download/1305-260",
    "sampleCount" : 50,
    "errorCount" : 50,
    "errorPct" : 100.0,
    "meanResTime" : 915.9599999999999,
    "medianResTime" : 842.5,
    "minResTime" : 709.0,
    "maxResTime" : 1525.0,
    "pct1ResTime" : 1213.1,
    "pct2ResTime" : 1338.9,
    "pct3ResTime" : 1525.0,
    "throughput" : 0.5040576641967841,
    "receivedKBytesPerSec" : 1701.2694377236758,
    "sentKBytesPerSec" : 0.2549822949745451
  },
  "/home/notice-262" : {
    "transaction" : "/home/notice-262",
    "sampleCount" : 50,
    "errorCount" : 0,
    "errorPct" : 0.0,
    "meanResTime" : 34.72,
    "medianResTime" : 30.0,
    "minResTime" : 24.0,
    "maxResTime" : 82.0,
    "pct1ResTime" : 51.8,
    "pct2ResTime" : 54.449999999999996,
    "pct3ResTime" : 82.0,
    "throughput" : 0.5080319856938192,
    "receivedKBytesPerSec" : 1.7776158249423384,
    "sentKBytesPerSec" : 0.25351986786088054
  },
  "/home/download/1302-261" : {
    "transaction" : "/home/download/1302-261",
    "sampleCount" : 50,
    "errorCount" : 0,
    "errorPct" : 0.0,
    "meanResTime" : 291.5,
    "medianResTime" : 270.5,
    "minResTime" : 208.0,
    "maxResTime" : 483.0,
    "pct1ResTime" : 387.9,
    "pct2ResTime" : 431.0999999999997,
    "pct3ResTime" : 483.0,
    "throughput" : 0.5080423097635571,
    "receivedKBytesPerSec" : 516.0821785425791,
    "sentKBytesPerSec" : 0.2569979652905494
  },
  "/submit/firefox-desktop/newtab/1/49b411a0-a7fe-4f15-b120-420671927c63-256" : {
    "transaction" : "/submit/firefox-desktop/newtab/1/49b411a0-a7fe-4f15-b120-420671927c63-256",
    "sampleCount" : 50,
    "errorCount" : 16,
    "errorPct" : 32.0,
    "meanResTime" : 491.54,
    "medianResTime" : 449.0,
    "minResTime" : 396.0,
    "maxResTime" : 980.0,
    "pct1ResTime" : 604.4,
    "pct2ResTime" : 717.9,
    "pct3ResTime" : 980.0,
    "throughput" : 0.5077998050048749,
    "receivedKBytesPerSec" : 0.4127757829003494,
    "sentKBytesPerSec" : 1.4966209096725707
  },
  "/home/notice-259" : {
    "transaction" : "/home/notice-259",
    "sampleCount" : 50,
    "errorCount" : 0,
    "errorPct" : 0.0,
    "meanResTime" : 29.959999999999994,
    "medianResTime" : 29.0,
    "minResTime" : 20.0,
    "maxResTime" : 56.0,
    "pct1ResTime" : 38.9,
    "pct2ResTime" : 50.04999999999996,
    "pct3ResTime" : 56.0,
    "throughput" : 0.5096476296288746,
    "receivedKBytesPerSec" : 1.7832690009377516,
    "sentKBytesPerSec" : 0.2543261120511279
  },
  "/home/notice-258" : {
    "transaction" : "/home/notice-258",
    "sampleCount" : 50,
    "errorCount" : 0,
    "errorPct" : 0.0,
    "meanResTime" : 35.120000000000005,
    "medianResTime" : 34.0,
    "minResTime" : 25.0,
    "maxResTime" : 79.0,
    "pct1ResTime" : 43.9,
    "pct2ResTime" : 55.04999999999996,
    "pct3ResTime" : 79.0,
    "throughput" : 0.5096216568819308,
    "receivedKBytesPerSec" : 1.7831781216874594,
    "sentKBytesPerSec" : 0.22843392627813114
  },
  "Total" : {
    "transaction" : "Total",
    "sampleCount" : 800,
    "errorCount" : 77,
    "errorPct" : 9.625,
    "meanResTime" : 227.21624999999997,
    "medianResTime" : 149.0,
    "minResTime" : 9.0,
    "maxResTime" : 1525.0,
    "pct1ResTime" : 492.0,
    "pct2ResTime" : 787.6499999999995,
    "pct3ResTime" : 1083.6400000000003,
    "throughput" : 7.871536523929471,
    "receivedKBytesPerSec" : 2591.2121693493436,
    "sentKBytesPerSec" : 6.774690949946867
  },
  "/home/notice/-253-1" : {
    "transaction" : "/home/notice/-253-1",
    "sampleCount" : 50,
    "errorCount" : 0,
    "errorPct" : 0.0,
    "meanResTime" : 125.46,
    "medianResTime" : 83.0,
    "minResTime" : 30.0,
    "maxResTime" : 400.0,
    "pct1ResTime" : 269.6,
    "pct2ResTime" : 285.74999999999994,
    "pct3ResTime" : 400.0,
    "throughput" : 0.5100583506753172,
    "receivedKBytesPerSec" : 0.25552727919574,
    "sentKBytesPerSec" : 0.17732497347696574
  },
  "/home/download/1286-264" : {
    "transaction" : "/home/download/1286-264",
    "sampleCount" : 50,
    "errorCount" : 0,
    "errorPct" : 0.0,
    "meanResTime" : 92.24000000000002,
    "medianResTime" : 80.0,
    "minResTime" : 52.0,
    "maxResTime" : 261.0,
    "pct1ResTime" : 147.29999999999998,
    "pct2ResTime" : 178.7999999999999,
    "pct3ResTime" : 261.0,
    "throughput" : 0.5076554440969825,
    "receivedKBytesPerSec" : 106.4068615661678,
    "sentKBytesPerSec" : 0.256802265666247
  },
  "/home/notice/-253-0" : {
    "transaction" : "/home/notice/-253-0",
    "sampleCount" : 50,
    "errorCount" : 0,
    "errorPct" : 0.0,
    "meanResTime" : 77.03999999999998,
    "medianResTime" : 78.5,
    "minResTime" : 9.0,
    "maxResTime" : 218.0,
    "pct1ResTime" : 147.6,
    "pct2ResTime" : 193.59999999999997,
    "pct3ResTime" : 218.0,
    "throughput" : 0.5109235454006663,
    "receivedKBytesPerSec" : 0.2968745210091762,
    "sentKBytesPerSec" : 0.1776257638307004
  },
  "/home/notice/-253-2" : {
    "transaction" : "/home/notice/-253-2",
    "sampleCount" : 50,
    "errorCount" : 0,
    "errorPct" : 0.0,
    "meanResTime" : 52.86,
    "medianResTime" : 41.5,
    "minResTime" : 23.0,
    "maxResTime" : 141.0,
    "pct1ResTime" : 104.69999999999999,
    "pct2ResTime" : 113.24999999999997,
    "pct3ResTime" : 141.0,
    "throughput" : 0.5100947756093083,
    "receivedKBytesPerSec" : 1.7848335752032727,
    "sentKBytesPerSec" : 0.1768394974036176
  },